,date,signal,target,qrank,stat_type,value
0,20000104,signal_RR_1d,fret_RR_1d,qr_100,pnl,17.096972026686963
1,20000104,signal_RR_1d,fret_MR_1d,qr_100,pnl,-22.55175797331303
2,20000104,signal_RR_1d,fret_RR_3d,qr_100,pnl,6.584714494376817
3,20000104,signal_RR_1d,fret_MR_3d,qr_100,pnl,-32.56553050562318
4,20000104,signal_RR_1d,fret_RR_1d,qr_75,pnl,15.843554992053912
5,20000104,signal_RR_1d,fret_MR_1d,qr_75,pnl,-20.584195007946082
6,20000104,signal_RR_1d,fret_RR_3d,qr_75,pnl,6.523289948126385
7,20000104,signal_RR_1d,fret_MR_3d,qr_75,pnl,-29.40597505187361
8,20000104,signal_RR_1d,fret_RR_1d,qr_50,pnl,12.172397731572918
9,20000104,signal_RR_1d,fret_MR_1d,qr_50,pnl,-16.08786726842708
10,20000104,signal_RR_1d,fret_RR_3d,qr_50,pnl,5.7235798310030805
11,20000104,signal_RR_1d,fret_MR_3d,qr_50,pnl,-22.11489016899692
12,20000104,signal_RR_1d,fret_RR_1d,qr_25,pnl,4.156716074759664
13,20000104,signal_RR_1d,fret_MR_1d,qr_25,pnl,-7.730233925240335
14,20000104,signal_RR_1d,fret_RR_3d,qr_25,pnl,2.3572528389256986
15,20000104,signal_RR_1d,fret_MR_3d,qr_25,pnl,-9.184592161074299
16,20000104,signal_MR_1d,fret_RR_1d,qr_100,pnl,-35.319361413675125
17,20000104,signal_MR_1d,fret_MR_1d,qr_100,pnl,37.95793358632486
18,20000104,signal_MR_1d,fret_RR_3d,qr_100,pnl,-9.325459635905254
19,20000104,signal_MR_1d,fret_MR_3d,qr_100,pnl,63.10824536409474
20,20000104,signal_MR_1d,fret_RR_1d,qr_75,pnl,-30.008247988887817
21,20000104,signal_MR_1d,fret_MR_1d,qr_75,pnl,36.02184201111218
22,20000104,signal_MR_1d,fret_RR_3d,qr_75,pnl,-6.613850081722475
23,20000104,signal_MR_1d,fret_MR_3d,qr_75,pnl,58.72602991827752
24,20000104,signal_MR_1d,fret_RR_1d,qr_50,pnl,-21.864310720481242
25,20000104,signal_MR_1d,fret_MR_1d,qr_50,pnl,28.252604279518756
26,20000104,signal_MR_1d,fret_RR_3d,qr_50,pnl,-4.3490058971108745
27,20000104,signal_MR_1d,fret_MR_3d,qr_50,pnl,45.19273410288912
28,20000104,signal_MR_1d,fret_RR_1d,qr_25,pnl,-11.329367182444532
29,20000104,signal_MR_1d,fret_MR_1d,qr_25,pnl,14.131712817555467
30,20000104,signal_MR_1d,fret_RR_3d,qr_25,pnl,-2.3948095332429644
31,20000104,signal_MR_1d,fret_MR_3d,qr_25,pnl,22.87454546675703
32,20000104,signal_RR_1d,fret_RR_1d,qr_100,ppd,0.005347817337093201
33,20000104,signal_RR_1d,fret_MR_1d,qr_100,ppd,-0.007054037526841736
34,20000104,signal_RR_1d,fret_RR_3d,qr_100,ppd,0.0020817940228823324
35,20000104,signal_RR_1d,fret_MR_3d,qr_100,ppd,-0.01029577316017173
36,20000104,signal_RR_1d,fret_RR_1d,qr_75,ppd,0.006606987069246836
37,20000104,signal_RR_1d,fret_MR_1d,qr_75,ppd,-0.00858390117095333
38,20000104,signal_RR_1d,fret_RR_3d,qr_75,ppd,0.0027466483992111095
39,20000104,signal_RR_1d,fret_MR_3d,qr_75,ppd,-0.012381463179736258
40,20000104,signal_RR_1d,fret_RR_1d,qr_50,ppd,0.007612506398732281
41,20000104,signal_RR_1d,fret_MR_1d,qr_50,ppd,-0.010061205296076972
42,20000104,signal_RR_1d,fret_RR_3d,qr_50,ppd,0.003617939210494994
43,20000104,signal_RR_1d,fret_MR_3d,qr_50,ppd,-0.013979070903285032
44,20000104,signal_RR_1d,fret_RR_1d,qr_25,ppd,0.0051958950934495795
45,20000104,signal_RR_1d,fret_MR_1d,qr_25,ppd,-0.009662792406550418
46,20000104,signal_RR_1d,fret_RR_3d,qr_25,ppd,0.002980092084608974
47,20000104,signal_RR_1d,fret_MR_3d,qr_25,ppd,-0.011611368092382173
48,20000104,signal_MR_1d,fret_RR_1d,qr_100,ppd,-0.01104765762079297
49,20000104,signal_MR_1d,fret_MR_1d,qr_100,ppd,0.01187298516932276
50,20000104,signal_MR_1d,fret_RR_3d,qr_100,ppd,-0.0029482958064828498
51,20000104,signal_MR_1d,fret_MR_3d,qr_100,ppd,0.01995202192984342
52,20000104,signal_MR_1d,fret_RR_1d,qr_75,ppd,-0.012513864882772233
53,20000104,signal_MR_1d,fret_MR_1d,qr_75,ppd,0.015021618853674803
54,20000104,signal_MR_1d,fret_RR_3d,qr_75,ppd,-0.0027883010462573673
55,20000104,signal_MR_1d,fret_MR_3d,qr_75,ppd,0.024758022731145666
56,20000104,signal_MR_1d,fret_RR_1d,qr_50,ppd,-0.013673740287980764
57,20000104,signal_MR_1d,fret_MR_1d,qr_50,ppd,0.017668920750168078
58,20000104,signal_MR_1d,fret_RR_3d,qr_50,ppd,-0.0027490555607527652
59,20000104,signal_MR_1d,fret_MR_3d,qr_50,ppd,0.02856683571611196
60,20000104,signal_MR_1d,fret_RR_1d,qr_25,ppd,-0.014161708978055665
61,20000104,signal_MR_1d,fret_MR_1d,qr_25,ppd,0.017664641021944334
62,20000104,signal_MR_1d,fret_RR_3d,qr_25,ppd,-0.0030275721027091837
63,20000104,signal_MR_1d,fret_MR_3d,qr_25,ppd,0.02891851512864353
64,20000104,signal_RR_1d,fret_RR_1d,qr_100,sharpe,2.1171969323260575
65,20000104,signal_RR_1d,fret_MR_1d,qr_100,sharpe,-2.6727239635031106
66,20000104,signal_RR_1d,fret_RR_3d,qr_100,sharpe,0.49209735031083046
67,20000104,signal_RR_1d,fret_MR_3d,qr_100,sharpe,-2.2286653259342044
68,20000104,signal_RR_1d,fret_RR_1d,qr_75,sharpe,2.531169750474574
69,20000104,signal_RR_1d,fret_MR_1d,qr_75,sharpe,-3.1563880640297155
70,20000104,signal_RR_1d,fret_RR_3d,qr_75,sharpe,0.6235477504733853
71,20000104,signal_RR_1d,fret_MR_3d,qr_75,sharpe,-2.588304057580772
72,20000104,signal_RR_1d,fret_RR_1d,qr_50,sharpe,3.0778226760861043
73,20000104,signal_RR_1d,fret_MR_1d,qr_50,sharpe,-3.8267684009304808
74,20000104,signal_RR_1d,fret_RR_3d,qr_50,sharpe,0.8634072100487685
75,20000104,signal_RR_1d,fret_MR_3d,qr_50,sharpe,-3.049960052834729
76,20000104,signal_RR_1d,fret_RR_1d,qr_25,sharpe,2.1968854684713013
77,20000104,signal_RR_1d,fret_MR_1d,qr_25,sharpe,-3.727138343138153
78,20000104,signal_RR_1d,fret_RR_3d,qr_25,sharpe,0.7017785544464678
79,20000104,signal_RR_1d,fret_MR_3d,qr_25,sharpe,-2.489582465005359
80,20000104,signal_MR_1d,fret_RR_1d,qr_100,sharpe,-4.166352603654833
81,20000104,signal_MR_1d,fret_MR_1d,qr_100,sharpe,4.26700687601502
82,20000104,signal_MR_1d,fret_RR_3d,qr_100,sharpe,-0.6712576745994028
83,20000104,signal_MR_1d,fret_MR_3d,qr_100,sharpe,4.245324451036783
84,20000104,signal_MR_1d,fret_RR_1d,qr_75,sharpe,-4.703664590864136
85,20000104,signal_MR_1d,fret_MR_1d,qr_75,sharpe,5.430376071833166
86,20000104,signal_MR_1d,fret_RR_3d,qr_75,sharpe,-0.6272847076287881
87,20000104,signal_MR_1d,fret_MR_3d,qr_75,sharpe,5.296977569122594
88,20000104,signal_MR_1d,fret_RR_1d,qr_50,sharpe,-5.083235726092555
89,20000104,signal_MR_1d,fret_MR_1d,qr_50,sharpe,6.415114190176519
90,20000104,signal_MR_1d,fret_RR_3d,qr_50,sharpe,-0.6314143967883474
91,20000104,signal_MR_1d,fret_MR_3d,qr_50,sharpe,6.336536410884406
92,20000104,signal_MR_1d,fret_RR_1d,qr_25,sharpe,-5.542482432595493
93,20000104,signal_MR_1d,fret_MR_1d,qr_25,sharpe,6.813981664104672
94,20000104,signal_MR_1d,fret_RR_3d,qr_25,sharpe,-0.6685463662758481
95,20000104,signal_MR_1d,fret_MR_3d,qr_25,sharpe,6.298527092914813
96,20000104,signal_RR_1d,fret_RR_1d,qr_100,hit_ratio,0.5067250547388177
97,20000104,signal_RR_1d,fret_MR_1d,qr_100,hit_ratio,0.3725367532061307
98,20000104,signal_RR_1d,fret_RR_3d,qr_100,hit_ratio,0.464116345241859
99,20000104,signal_RR_1d,fret_MR_3d,qr_100,hit_ratio,0.38349668036674045
100,20000104,signal_RR_1d,fret_RR_1d,qr_75,hit_ratio,0.5508757297748124
101,20000104,signal_RR_1d,fret_MR_1d,qr_75,hit_ratio,0.39282735613010844
102,20000104,signal_RR_1d,fret_RR_3d,qr_75,hit_ratio,0.49642105263157893
103,20000104,signal_RR_1d,fret_MR_3d,qr_75,hit_ratio,0.3991578947368421
104,20000104,signal_RR_1d,fret_RR_1d,qr_50,hit_ratio,0.5609756097560976
105,20000104,signal_RR_1d,fret_MR_1d,qr_50,hit_ratio,0.37335834896810505
106,20000104,signal_RR_1d,fret_RR_3d,qr_50,hit_ratio,0.5006321112515802
107,20000104,signal_RR_1d,fret_MR_3d,qr_50,hit_ratio,0.38242730720606827
108,20000104,signal_RR_1d,fret_RR_1d,qr_25,hit_ratio,0.53625
109,20000104,signal_RR_1d,fret_MR_1d,qr_25,hit_ratio,0.385
110,20000104,signal_RR_1d,fret_RR_3d,qr_25,hit_ratio,0.5056890012642224
111,20000104,signal_RR_1d,fret_MR_3d,qr_25,hit_ratio,0.40707964601769914
112,20000104,signal_MR_1d,fret_RR_1d,qr_100,hit_ratio,0.30966531122927743
113,20000104,signal_MR_1d,fret_MR_1d,qr_100,hit_ratio,0.6546762589928058
114,20000104,signal_MR_1d,fret_RR_3d,qr_100,hit_ratio,0.4533670565918432
115,20000104,signal_MR_1d,fret_MR_3d,qr_100,hit_ratio,0.6531773632627252
116,20000104,signal_MR_1d,fret_RR_1d,qr_75,hit_ratio,0.2848206839032527
117,20000104,signal_MR_1d,fret_MR_1d,qr_75,hit_ratio,0.695162635529608
118,20000104,signal_MR_1d,fret_RR_3d,qr_75,hit_ratio,0.44814502529510963
119,20000104,signal_MR_1d,fret_MR_3d,qr_75,hit_ratio,0.6842327150084317
120,20000104,signal_MR_1d,fret_RR_1d,qr_50,hit_ratio,0.26391494684177613
121,20000104,signal_MR_1d,fret_MR_1d,qr_50,hit_ratio,0.7335834896810507
122,20000104,signal_MR_1d,fret_RR_3d,qr_50,hit_ratio,0.4367888748419722
123,20000104,signal_MR_1d,fret_MR_3d,qr_50,hit_ratio,0.7142857142857143
124,20000104,signal_MR_1d,fret_RR_1d,qr_25,hit_ratio,0.27375
125,20000104,signal_MR_1d,fret_MR_1d,qr_25,hit_ratio,0.73875
126,20000104,signal_MR_1d,fret_RR_3d,qr_25,hit_ratio,0.44627054361567636
127,20000104,signal_MR_1d,fret_MR_3d,qr_25,hit_ratio,0.7155499367888748
128,20000104,signal_RR_1d,fret_RR_1d,qr_100,long_ratio,0.302158273381295
129,20000104,signal_RR_1d,fret_MR_1d,qr_100,long_ratio,0.302158273381295
130,20000104,signal_RR_1d,fret_RR_3d,qr_100,long_ratio,0.302560859943092
131,20000104,signal_RR_1d,fret_MR_3d,qr_100,long_ratio,0.302560859943092
132,20000104,signal_RR_1d,fret_RR_1d,qr_75,long_ratio,0.3019182652210175
133,20000104,signal_RR_1d,fret_MR_1d,qr_75,long_ratio,0.3019182652210175
134,20000104,signal_RR_1d,fret_RR_3d,qr_75,long_ratio,0.30273684210526314
135,20000104,signal_RR_1d,fret_MR_3d,qr_75,long_ratio,0.30273684210526314
136,20000104,signal_RR_1d,fret_RR_1d,qr_50,long_ratio,0.2695434646654159
137,20000104,signal_RR_1d,fret_MR_1d,qr_50,long_ratio,0.2695434646654159
138,20000104,signal_RR_1d,fret_RR_3d,qr_50,long_ratio,0.27054361567635904
139,20000104,signal_RR_1d,fret_MR_3d,qr_50,long_ratio,0.27054361567635904
140,20000104,signal_RR_1d,fret_RR_1d,qr_25,long_ratio,0.30625
141,20000104,signal_RR_1d,fret_MR_1d,qr_25,long_ratio,0.30625
142,20000104,signal_RR_1d,fret_RR_3d,qr_25,long_ratio,0.30973451327433627
143,20000104,signal_RR_1d,fret_MR_3d,qr_25,long_ratio,0.30973451327433627
144,20000104,signal_MR_1d,fret_RR_1d,qr_100,long_ratio,0.7988739443228027
145,20000104,signal_MR_1d,fret_MR_1d,qr_100,long_ratio,0.7988739443228027
146,20000104,signal_MR_1d,fret_RR_3d,qr_100,long_ratio,0.7986089155864685
147,20000104,signal_MR_1d,fret_MR_3d,qr_100,long_ratio,0.7986089155864685
148,20000104,signal_MR_1d,fret_RR_1d,qr_75,long_ratio,0.8590492076730609
149,20000104,signal_MR_1d,fret_MR_1d,qr_75,long_ratio,0.8590492076730609
150,20000104,signal_MR_1d,fret_RR_3d,qr_75,long_ratio,0.8591905564924115
151,20000104,signal_MR_1d,fret_MR_3d,qr_75,long_ratio,0.8591905564924115
152,20000104,signal_MR_1d,fret_RR_1d,qr_50,long_ratio,0.908692933083177
153,20000104,signal_MR_1d,fret_MR_1d,qr_50,long_ratio,0.908692933083177
154,20000104,signal_MR_1d,fret_RR_3d,qr_50,long_ratio,0.9083438685208597
155,20000104,signal_MR_1d,fret_MR_3d,qr_50,long_ratio,0.9083438685208597
156,20000104,signal_MR_1d,fret_RR_1d,qr_25,long_ratio,0.915
157,20000104,signal_MR_1d,fret_MR_1d,qr_25,long_ratio,0.915
158,20000104,signal_MR_1d,fret_RR_3d,qr_25,long_ratio,0.9165613147914032
159,20000104,signal_MR_1d,fret_MR_3d,qr_25,long_ratio,0.9165613147914032
160,20000104,signal_RR_1d,fret_RR_1d,qr_100,spearman,-0.011830381925068648
161,20000104,signal_RR_1d,fret_MR_1d,qr_100,spearman,-0.011830381925068648
162,20000104,signal_RR_1d,fret_RR_3d,qr_100,spearman,0.012711998302195158
163,20000104,signal_RR_1d,fret_MR_3d,qr_100,spearman,0.012711998302195158
164,20000104,signal_RR_1d,fret_RR_1d,qr_75,spearman,-0.014350980813679944
165,20000104,signal_RR_1d,fret_MR_1d,qr_75,spearman,-0.014350980813679944
166,20000104,signal_RR_1d,fret_RR_3d,qr_75,spearman,0.012079236431228409
167,20000104,signal_RR_1d,fret_MR_3d,qr_75,spearman,0.012079236431228409
168,20000104,signal_RR_1d,fret_RR_1d,qr_50,spearman,-0.024677361825760667
169,20000104,signal_RR_1d,fret_MR_1d,qr_50,spearman,-0.024677361825760667
170,20000104,signal_RR_1d,fret_RR_3d,qr_50,spearman,0.012061821356697127
171,20000104,signal_RR_1d,fret_MR_3d,qr_50,spearman,0.012061821356697127
172,20000104,signal_RR_1d,fret_RR_1d,qr_25,spearman,-0.03141909607119606
173,20000104,signal_RR_1d,fret_MR_1d,qr_25,spearman,-0.03141909607119606
174,20000104,signal_RR_1d,fret_RR_3d,qr_25,spearman,0.005619558025073464
175,20000104,signal_RR_1d,fret_MR_3d,qr_25,spearman,0.005619558025073464
176,20000104,signal_MR_1d,fret_RR_1d,qr_100,spearman,-0.011830381925068648
177,20000104,signal_MR_1d,fret_MR_1d,qr_100,spearman,-0.011830381925068648
178,20000104,signal_MR_1d,fret_RR_3d,qr_100,spearman,0.012711998302195158
179,20000104,signal_MR_1d,fret_MR_3d,qr_100,spearman,0.012711998302195158
180,20000104,signal_MR_1d,fret_RR_1d,qr_75,spearman,-0.003968189430453202
181,20000104,signal_MR_1d,fret_MR_1d,qr_75,spearman,-0.003968189430453202
182,20000104,signal_MR_1d,fret_RR_3d,qr_75,spearman,0.00388311634219685
183,20000104,signal_MR_1d,fret_MR_3d,qr_75,spearman,0.00388311634219685
184,20000104,signal_MR_1d,fret_RR_1d,qr_50,spearman,-0.0029879762335184457
185,20000104,signal_MR_1d,fret_MR_1d,qr_50,spearman,-0.0029879762335184457
186,20000104,signal_MR_1d,fret_RR_3d,qr_50,spearman,-0.0030355027249209213
187,20000104,signal_MR_1d,fret_MR_3d,qr_50,spearman,-0.0030355027249209213
188,20000104,signal_MR_1d,fret_RR_1d,qr_25,spearman,0.03184828793352927
189,20000104,signal_MR_1d,fret_MR_1d,qr_25,spearman,0.03184828793352927
190,20000104,signal_MR_1d,fret_RR_3d,qr_25,spearman,0.04309029960153683
191,20000104,signal_MR_1d,fret_MR_3d,qr_25,spearman,0.04309029960153683
192,20000104,signal_RR_1d,fret_RR_1d,qr_100,n,3197.0
193,20000104,signal_RR_1d,fret_MR_1d,qr_100,n,3197.0
194,20000104,signal_RR_1d,fret_RR_3d,qr_100,n,3163.0
195,20000104,signal_RR_1d,fret_MR_3d,qr_100,n,3163.0
196,20000104,signal_RR_1d,fret_RR_1d,qr_75,n,2398.0
197,20000104,signal_RR_1d,fret_MR_1d,qr_75,n,2398.0
198,20000104,signal_RR_1d,fret_RR_3d,qr_75,n,2375.0
199,20000104,signal_RR_1d,fret_MR_3d,qr_75,n,2375.0
200,20000104,signal_RR_1d,fret_RR_1d,qr_50,n,1599.0
201,20000104,signal_RR_1d,fret_MR_1d,qr_50,n,1599.0
202,20000104,signal_RR_1d,fret_RR_3d,qr_50,n,1582.0
203,20000104,signal_RR_1d,fret_MR_3d,qr_50,n,1582.0
204,20000104,signal_RR_1d,fret_RR_1d,qr_25,n,800.0
205,20000104,signal_RR_1d,fret_MR_1d,qr_25,n,800.0
206,20000104,signal_RR_1d,fret_RR_3d,qr_25,n,791.0
207,20000104,signal_RR_1d,fret_MR_3d,qr_25,n,791.0
208,20000104,signal_MR_1d,fret_RR_1d,qr_100,n,3197.0
209,20000104,signal_MR_1d,fret_MR_1d,qr_100,n,3197.0
210,20000104,signal_MR_1d,fret_RR_3d,qr_100,n,3163.0
211,20000104,signal_MR_1d,fret_MR_3d,qr_100,n,3163.0
212,20000104,signal_MR_1d,fret_RR_1d,qr_75,n,2398.0
213,20000104,signal_MR_1d,fret_MR_1d,qr_75,n,2398.0
214,20000104,signal_MR_1d,fret_RR_3d,qr_75,n,2372.0
215,20000104,signal_MR_1d,fret_MR_3d,qr_75,n,2372.0
216,20000104,signal_MR_1d,fret_RR_1d,qr_50,n,1599.0
217,20000104,signal_MR_1d,fret_MR_1d,qr_50,n,1599.0
218,20000104,signal_MR_1d,fret_RR_3d,qr_50,n,1582.0
219,20000104,signal_MR_1d,fret_MR_3d,qr_50,n,1582.0
220,20000104,signal_MR_1d,fret_RR_1d,qr_25,n,800.0
221,20000104,signal_MR_1d,fret_MR_1d,qr_25,n,800.0
222,20000104,signal_MR_1d,fret_RR_3d,qr_25,n,791.0
223,20000104,signal_MR_1d,fret_MR_3d,qr_25,n,791.0
224,20000105,signal_RR_1d,fret_RR_1d,qr_100,pnl,-7.981361707606804
225,20000105,signal_RR_1d,fret_MR_1d,qr_100,pnl,-5.144489707606802
226,20000105,signal_RR_1d,fret_RR_1d,qr_75,pnl,-7.866437056404202
227,20000105,signal_RR_1d,fret_MR_1d,qr_75,pnl,-5.208311056404199
228,20000105,signal_RR_1d,fret_RR_1d,qr_50,pnl,-6.593142993775997
229,20000105,signal_RR_1d,fret_MR_1d,qr_50,pnl,-4.500084993775995
230,20000105,signal_RR_1d,fret_RR_1d,qr_25,pnl,-4.072520901249184
231,20000105,signal_RR_1d,fret_MR_1d,qr_25,pnl,-3.0192649012491826
232,20000105,signal_MR_1d,fret_RR_1d,qr_100,pnl,-10.567641312426284
233,20000105,signal_MR_1d,fret_MR_1d,qr_100,pnl,-7.12341731242628
234,20000105,signal_MR_1d,fret_RR_1d,qr_75,pnl,-8.81119289486195
235,20000105,signal_MR_1d,fret_MR_1d,qr_75,pnl,-5.889752894861948
236,20000105,signal_MR_1d,fret_RR_1d,qr_50,pnl,-7.108324322208294
237,20000105,signal_MR_1d,fret_MR_1d,qr_50,pnl,-4.880726322208291
238,20000105,signal_MR_1d,fret_RR_1d,qr_25,pnl,-3.9815174398528175
239,20000105,signal_MR_1d,fret_MR_1d,qr_25,pnl,-2.882133439852817
240,20000105,signal_RR_1d,fret_RR_1d,qr_100,ppd,-0.0024957353682322713
241,20000105,signal_RR_1d,fret_MR_1d,qr_100,ppd,-0.0016086584451553477
242,20000105,signal_RR_1d,fret_RR_1d,qr_75,ppd,-0.003279048376992164
243,20000105,signal_RR_1d,fret_MR_1d,qr_75,ppd,-0.002171034204420258
244,20000105,signal_RR_1d,fret_RR_1d,qr_50,ppd,-0.004123291428252656
245,20000105,signal_RR_1d,fret_MR_1d,qr_50,ppd,-0.0028143120661513416
246,20000105,signal_RR_1d,fret_RR_1d,qr_25,ppd,-0.00509065112656148
247,20000105,signal_RR_1d,fret_MR_1d,qr_25,ppd,-0.003774081126561478
248,20000105,signal_MR_1d,fret_RR_1d,qr_100,ppd,-0.0033044531933790755
249,20000105,signal_MR_1d,fret_MR_1d,qr_100,ppd,-0.0022274600726786367
250,20000105,signal_MR_1d,fret_RR_1d,qr_75,ppd,-0.003674392366497894
251,20000105,signal_MR_1d,fret_MR_1d,qr_75,ppd,-0.002456110464913239
252,20000105,signal_MR_1d,fret_RR_1d,qr_50,ppd,-0.004445481127084612
253,20000105,signal_MR_1d,fret_MR_1d,qr_50,ppd,-0.003052361677428575
254,20000105,signal_MR_1d,fret_RR_1d,qr_25,ppd,-0.004976896799816022
255,20000105,signal_MR_1d,fret_MR_1d,qr_25,ppd,-0.003602666799816021
256,20000105,signal_RR_1d,fret_RR_1d,qr_100,sharpe,-1.134930486849622
257,20000105,signal_RR_1d,fret_MR_1d,qr_100,sharpe,-0.7341956924206487
258,20000105,signal_RR_1d,fret_RR_1d,qr_75,sharpe,-1.4144623897361441
259,20000105,signal_RR_1d,fret_MR_1d,qr_75,sharpe,-0.9387526920902342
260,20000105,signal_RR_1d,fret_RR_1d,qr_50,sharpe,-1.803335744752018
261,20000105,signal_RR_1d,fret_MR_1d,qr_50,sharpe,-1.2327211409560916
262,20000105,signal_RR_1d,fret_RR_1d,qr_25,sharpe,-2.078100724042647
263,20000105,signal_RR_1d,fret_MR_1d,qr_25,sharpe,-1.542847698159938
264,20000105,signal_MR_1d,fret_RR_1d,qr_100,sharpe,-1.4208377995076718
265,20000105,signal_MR_1d,fret_MR_1d,qr_100,sharpe,-0.9607735153200654
266,20000105,signal_MR_1d,fret_RR_1d,qr_75,sharpe,-1.603602853019807
267,20000105,signal_MR_1d,fret_MR_1d,qr_75,sharpe,-1.0735888686259123
268,20000105,signal_MR_1d,fret_RR_1d,qr_50,sharpe,-1.9591875827495062
269,20000105,signal_MR_1d,fret_MR_1d,qr_50,sharpe,-1.3462111269311186
270,20000105,signal_MR_1d,fret_RR_1d,qr_25,sharpe,-2.012339852052284
271,20000105,signal_MR_1d,fret_MR_1d,qr_25,sharpe,-1.4587869327178298
272,20000105,signal_RR_1d,fret_RR_1d,qr_100,hit_ratio,0.3971232020012508
273,20000105,signal_RR_1d,fret_MR_1d,qr_100,hit_ratio,0.4618511569731082
274,20000105,signal_RR_1d,fret_RR_1d,qr_75,hit_ratio,0.4164235097957482
275,20000105,signal_RR_1d,fret_MR_1d,qr_75,hit_ratio,0.5027094622759483
276,20000105,signal_RR_1d,fret_RR_1d,qr_50,hit_ratio,0.4071294559099437
277,20000105,signal_RR_1d,fret_MR_1d,qr_50,hit_ratio,0.5028142589118199
278,20000105,signal_RR_1d,fret_RR_1d,qr_25,hit_ratio,0.37875
279,20000105,signal_RR_1d,fret_MR_1d,qr_25,hit_ratio,0.48375
280,20000105,signal_MR_1d,fret_RR_1d,qr_100,hit_ratio,0.41776110068792993
281,20000105,signal_MR_1d,fret_MR_1d,qr_100,hit_ratio,0.4996873045653533
282,20000105,signal_MR_1d,fret_RR_1d,qr_75,hit_ratio,0.4124270225187656
283,20000105,signal_MR_1d,fret_MR_1d,qr_75,hit_ratio,0.5020850708924104
284,20000105,signal_MR_1d,fret_RR_1d,qr_50,hit_ratio,0.4046278924327705
285,20000105,signal_MR_1d,fret_MR_1d,qr_50,hit_ratio,0.50093808630394
286,20000105,signal_MR_1d,fret_RR_1d,qr_25,hit_ratio,0.37875
287,20000105,signal_MR_1d,fret_MR_1d,qr_25,hit_ratio,0.485
288,20000105,signal_RR_1d,fret_RR_1d,qr_100,long_ratio,0.22607879924953095
289,20000105,signal_RR_1d,fret_MR_1d,qr_100,long_ratio,0.22607879924953095
290,20000105,signal_RR_1d,fret_RR_1d,qr_75,long_ratio,0.21175489787411422
291,20000105,signal_RR_1d,fret_MR_1d,qr_75,long_ratio,0.21175489787411422
292,20000105,signal_RR_1d,fret_RR_1d,qr_50,long_ratio,0.15947467166979362
293,20000105,signal_RR_1d,fret_MR_1d,qr_50,long_ratio,0.15947467166979362
294,20000105,signal_RR_1d,fret_RR_1d,qr_25,long_ratio,0.1575
295,20000105,signal_RR_1d,fret_MR_1d,qr_25,long_ratio,0.1575
296,20000105,signal_MR_1d,fret_RR_1d,qr_100,long_ratio,0.21982489055659787
297,20000105,signal_MR_1d,fret_MR_1d,qr_100,long_ratio,0.21982489055659787
298,20000105,signal_MR_1d,fret_RR_1d,qr_75,long_ratio,0.18306922435362802
299,20000105,signal_MR_1d,fret_MR_1d,qr_75,long_ratio,0.18306922435362802
300,20000105,signal_MR_1d,fret_RR_1d,qr_50,long_ratio,0.13758599124452783
301,20000105,signal_MR_1d,fret_MR_1d,qr_50,long_ratio,0.13758599124452783
302,20000105,signal_MR_1d,fret_RR_1d,qr_25,long_ratio,0.1425
303,20000105,signal_MR_1d,fret_MR_1d,qr_25,long_ratio,0.1425
304,20000105,signal_RR_1d,fret_RR_1d,qr_100,spearman,-0.014538463161642819
305,20000105,signal_RR_1d,fret_MR_1d,qr_100,spearman,-0.014538463161642819
306,20000105,signal_RR_1d,fret_RR_1d,qr_75,spearman,-0.03045576080853322
307,20000105,signal_RR_1d,fret_MR_1d,qr_75,spearman,-0.03045576080853322
308,20000105,signal_RR_1d,fret_RR_1d,qr_50,spearman,-0.044933479263274685
309,20000105,signal_RR_1d,fret_MR_1d,qr_50,spearman,-0.044933479263274685
310,20000105,signal_RR_1d,fret_RR_1d,qr_25,spearman,-0.033282422764187664
311,20000105,signal_RR_1d,fret_MR_1d,qr_25,spearman,-0.033282422764187664
312,20000105,signal_MR_1d,fret_RR_1d,qr_100,spearman,-0.014538463161642819
313,20000105,signal_MR_1d,fret_MR_1d,qr_100,spearman,-0.014538463161642819
314,20000105,signal_MR_1d,fret_RR_1d,qr_75,spearman,-0.03815028375290707
315,20000105,signal_MR_1d,fret_MR_1d,qr_75,spearman,-0.03815028375290707
316,20000105,signal_MR_1d,fret_RR_1d,qr_50,spearman,-0.04645246946434761
317,20000105,signal_MR_1d,fret_MR_1d,qr_50,spearman,-0.04645246946434761
318,20000105,signal_MR_1d,fret_RR_1d,qr_25,spearman,-0.034283908660867
319,20000105,signal_MR_1d,fret_MR_1d,qr_25,spearman,-0.034283908660867
320,20000105,signal_RR_1d,fret_RR_1d,qr_100,n,3198.0
321,20000105,signal_RR_1d,fret_MR_1d,qr_100,n,3198.0
322,20000105,signal_RR_1d,fret_RR_1d,qr_75,n,2399.0
323,20000105,signal_RR_1d,fret_MR_1d,qr_75,n,2399.0
324,20000105,signal_RR_1d,fret_RR_1d,qr_50,n,1599.0
325,20000105,signal_RR_1d,fret_MR_1d,qr_50,n,1599.0
326,20000105,signal_RR_1d,fret_RR_1d,qr_25,n,800.0
327,20000105,signal_RR_1d,fret_MR_1d,qr_25,n,800.0
328,20000105,signal_MR_1d,fret_RR_1d,qr_100,n,3198.0
329,20000105,signal_MR_1d,fret_MR_1d,qr_100,n,3198.0
330,20000105,signal_MR_1d,fret_RR_1d,qr_75,n,2398.0
331,20000105,signal_MR_1d,fret_MR_1d,qr_75,n,2398.0
332,20000105,signal_MR_1d,fret_RR_1d,qr_50,n,1599.0
333,20000105,signal_MR_1d,fret_MR_1d,qr_50,n,1599.0
334,20000105,signal_MR_1d,fret_RR_1d,qr_25,n,800.0
335,20000105,signal_MR_1d,fret_MR_1d,qr_25,n,800.0
336,20000106,signal_RR_1d,fret_RR_1d,qr_100,pnl,1.5255383741349984
337,20000106,signal_RR_1d,fret_MR_1d,qr_100,pnl,1.191894374134998
338,20000106,signal_RR_1d,fret_RR_1d,qr_75,pnl,-0.19413908565816362
339,20000106,signal_RR_1d,fret_MR_1d,qr_75,pnl,-0.5115310856581636
340,20000106,signal_RR_1d,fret_RR_1d,qr_50,pnl,0.9188344152811397
341,20000106,signal_RR_1d,fret_MR_1d,qr_50,pnl,0.6282104152811395
342,20000106,signal_RR_1d,fret_RR_1d,qr_25,pnl,1.487605664361935
343,20000106,signal_RR_1d,fret_MR_1d,qr_25,pnl,1.2868456643619353
344,20000106,signal_MR_1d,fret_RR_1d,qr_100,pnl,-1.6165644523931144
345,20000106,signal_MR_1d,fret_MR_1d,qr_100,pnl,-1.6318604523931142
346,20000106,signal_MR_1d,fret_RR_1d,qr_75,pnl,-0.4196064970838269
347,20000106,signal_MR_1d,fret_MR_1d,qr_75,pnl,-0.6385304970838279
348,20000106,signal_MR_1d,fret_RR_1d,qr_50,pnl,0.825981016003764
349,20000106,signal_MR_1d,fret_MR_1d,qr_50,pnl,0.608969016003764
350,20000106,signal_MR_1d,fret_RR_1d,qr_25,pnl,1.4318441988254476
351,20000106,signal_MR_1d,fret_MR_1d,qr_25,pnl,1.2616761988254477
352,20000106,signal_RR_3d,fret_RR_1d,qr_100,pnl,-4.063035058747559
353,20000106,signal_RR_3d,fret_MR_1d,qr_100,pnl,-2.9645910587475583
354,20000106,signal_RR_3d,fret_RR_1d,qr_75,pnl,-5.347243513652052
355,20000106,signal_RR_3d,fret_MR_1d,qr_75,pnl,-4.313807513652052
356,20000106,signal_RR_3d,fret_RR_1d,qr_50,pnl,-4.543117427894897
357,20000106,signal_RR_3d,fret_MR_1d,qr_50,pnl,-3.717133427894897
358,20000106,signal_RR_3d,fret_RR_1d,qr_25,pnl,-3.7808610290574483
359,20000106,signal_RR_3d,fret_MR_1d,qr_25,pnl,-3.391769029057449
360,20000106,signal_MR_3d,fret_RR_1d,qr_100,pnl,-5.214661707366247
361,20000106,signal_MR_3d,fret_MR_1d,qr_100,pnl,-3.9584777073662463
362,20000106,signal_MR_3d,fret_RR_1d,qr_75,pnl,-5.806649773951541
363,20000106,signal_MR_3d,fret_MR_1d,qr_75,pnl,-4.729237773951542
364,20000106,signal_MR_3d,fret_RR_1d,qr_50,pnl,-4.643363658035863
365,20000106,signal_MR_3d,fret_MR_1d,qr_50,pnl,-3.8059076580358626
366,20000106,signal_MR_3d,fret_RR_1d,qr_25,pnl,-3.858094351596303
367,20000106,signal_MR_3d,fret_MR_1d,qr_25,pnl,-3.457530351596303
368,20000106,signal_RR_1d,fret_RR_1d,qr_100,ppd,0.00047792555580670375
369,20000106,signal_RR_1d,fret_MR_1d,qr_100,ppd,0.00037340049315006204
370,20000106,signal_RR_1d,fret_RR_1d,qr_75,ppd,-8.10940207427584e-05
371,20000106,signal_RR_1d,fret_MR_1d,qr_75,ppd,-0.0002136721326892914
372,20000106,signal_RR_1d,fret_RR_1d,qr_50,ppd,0.0005757107865170048
373,20000106,signal_RR_1d,fret_MR_1d,qr_50,ppd,0.0003936155484217666
374,20000106,signal_RR_1d,fret_RR_1d,qr_25,ppd,0.0018641674992004198
375,20000106,signal_RR_1d,fret_MR_1d,qr_25,ppd,0.001612588551831999
376,20000106,signal_MR_1d,fret_RR_1d,qr_100,ppd,-0.0005064424976168905
377,20000106,signal_MR_1d,fret_MR_1d,qr_100,ppd,-0.0005112344775667651
378,20000106,signal_MR_1d,fret_RR_1d,qr_75,ppd,-0.00017520104262372732
379,20000106,signal_MR_1d,fret_MR_1d,qr_75,ppd,-0.00026660981089095113
380,20000106,signal_MR_1d,fret_RR_1d,qr_50,ppd,0.0005172078998145047
381,20000106,signal_MR_1d,fret_MR_1d,qr_50,ppd,0.00038132061114825547
382,20000106,signal_MR_1d,fret_RR_1d,qr_25,ppd,0.0017942909759717388
383,20000106,signal_MR_1d,fret_MR_1d,qr_25,ppd,0.0015810478682023153
384,20000106,signal_RR_3d,fret_RR_1d,qr_100,ppd,-0.001284145088099734
385,20000106,signal_RR_3d,fret_MR_1d,qr_100,ppd,-0.0009369756822843105
386,20000106,signal_RR_3d,fret_RR_1d,qr_75,ppd,-0.0022533685266127486
387,20000106,signal_RR_3d,fret_MR_1d,qr_75,ppd,-0.0018178708443540043
388,20000106,signal_RR_3d,fret_RR_1d,qr_50,ppd,-0.0028717556434228173
389,20000106,signal_RR_3d,fret_MR_1d,qr_50,ppd,-0.0023496418633975327
390,20000106,signal_RR_3d,fret_RR_1d,qr_25,ppd,-0.004779849594257204
391,20000106,signal_RR_3d,fret_MR_1d,qr_25,ppd,-0.004287950732057458
392,20000106,signal_MR_3d,fret_RR_1d,qr_100,ppd,-0.0016481231692055142
393,20000106,signal_MR_3d,fret_MR_1d,qr_100,ppd,-0.001251099148977954
394,20000106,signal_MR_3d,fret_RR_1d,qr_75,ppd,-0.0024469657707338987
395,20000106,signal_MR_3d,fret_MR_1d,qr_75,ppd,-0.001992936272208825
396,20000106,signal_MR_3d,fret_RR_1d,qr_50,ppd,-0.002935122413423428
397,20000106,signal_MR_3d,fret_MR_1d,qr_50,ppd,-0.002405757053120014
398,20000106,signal_MR_3d,fret_RR_1d,qr_25,ppd,-0.0048774896986046815
399,20000106,signal_MR_3d,fret_MR_1d,qr_25,ppd,-0.0043710876758486766
400,20000106,signal_RR_1d,fret_RR_1d,qr_100,sharpe,0.1887654935183798
401,20000106,signal_RR_1d,fret_MR_1d,qr_100,sharpe,0.1479620477757343
402,20000106,signal_RR_1d,fret_RR_1d,qr_75,sharpe,-0.030177193093703075
403,20000106,signal_RR_1d,fret_MR_1d,qr_75,sharpe,-0.07976749572957569
404,20000106,signal_RR_1d,fret_RR_1d,qr_50,sharpe,0.21421320936412136
405,20000106,signal_RR_1d,fret_MR_1d,qr_50,sharpe,0.14688606828227474
406,20000106,signal_RR_1d,fret_RR_1d,qr_25,sharpe,0.6663500359053841
407,20000106,signal_RR_1d,fret_MR_1d,qr_25,sharpe,0.5776432326995444
408,20000106,signal_MR_1d,fret_RR_1d,qr_100,sharpe,-0.18955913470841654
409,20000106,signal_MR_1d,fret_MR_1d,qr_100,sharpe,-0.19200935079823125
410,20000106,signal_MR_1d,fret_RR_1d,qr_75,sharpe,-0.06510207313608236
411,20000106,signal_MR_1d,fret_MR_1d,qr_75,sharpe,-0.09937983413701551
412,20000106,signal_MR_1d,fret_RR_1d,qr_50,sharpe,0.19402691746351616
413,20000106,signal_MR_1d,fret_MR_1d,qr_50,sharpe,0.14350841938756573
414,20000106,signal_MR_1d,fret_RR_1d,qr_25,sharpe,0.6571562960129274
415,20000106,signal_MR_1d,fret_MR_1d,qr_25,sharpe,0.5805700585008603
416,20000106,signal_RR_3d,fret_RR_1d,qr_100,sharpe,-0.4981110632076467
417,20000106,signal_RR_3d,fret_MR_1d,qr_100,sharpe,-0.3646506883652056
418,20000106,signal_RR_3d,fret_RR_1d,qr_75,sharpe,-0.8470488135527291
419,20000106,signal_RR_3d,fret_MR_1d,qr_75,sharpe,-0.6852774281143538
420,20000106,signal_RR_3d,fret_RR_1d,qr_50,sharpe,-1.0695691431073204
421,20000106,signal_RR_3d,fret_MR_1d,qr_50,sharpe,-0.8776545326704612
422,20000106,signal_RR_3d,fret_RR_1d,qr_25,sharpe,-1.7116577550471226
423,20000106,signal_RR_3d,fret_MR_1d,qr_25,sharpe,-1.5390550320092817
424,20000106,signal_MR_3d,fret_RR_1d,qr_100,sharpe,-0.617791191086588
425,20000106,signal_MR_3d,fret_MR_1d,qr_100,sharpe,-0.4704548345147827
426,20000106,signal_MR_3d,fret_RR_1d,qr_75,sharpe,-0.9235797562685193
427,20000106,signal_MR_3d,fret_MR_1d,qr_75,sharpe,-0.7542464143991284
428,20000106,signal_MR_3d,fret_RR_1d,qr_50,sharpe,-1.093961880197133
429,20000106,signal_MR_3d,fret_MR_1d,qr_50,sharpe,-0.8992206317275526
430,20000106,signal_MR_3d,fret_RR_1d,qr_25,sharpe,-1.7474947560496326
431,20000106,signal_MR_3d,fret_MR_1d,qr_25,sharpe,-1.569644694144844
432,20000106,signal_RR_1d,fret_RR_1d,qr_100,hit_ratio,0.41729323308270677
433,20000106,signal_RR_1d,fret_MR_1d,qr_100,hit_ratio,0.4476817042606516
434,20000106,signal_RR_1d,fret_RR_1d,qr_75,hit_ratio,0.4490392648287385
435,20000106,signal_RR_1d,fret_MR_1d,qr_75,hit_ratio,0.49415204678362573
436,20000106,signal_RR_1d,fret_RR_1d,qr_50,hit_ratio,0.4592731829573935
437,20000106,signal_RR_1d,fret_MR_1d,qr_50,hit_ratio,0.4968671679197995
438,20000106,signal_RR_1d,fret_RR_1d,qr_25,hit_ratio,0.474937343358396
439,20000106,signal_RR_1d,fret_MR_1d,qr_25,hit_ratio,0.5112781954887218
440,20000106,signal_MR_1d,fret_RR_1d,qr_100,hit_ratio,0.4401629072681704
441,20000106,signal_MR_1d,fret_MR_1d,qr_100,hit_ratio,0.49373433583959897
442,20000106,signal_MR_1d,fret_RR_1d,qr_75,hit_ratio,0.44592901878914404
443,20000106,signal_MR_1d,fret_MR_1d,qr_75,hit_ratio,0.4960334029227557
444,20000106,signal_MR_1d,fret_RR_1d,qr_50,hit_ratio,0.4577332498434565
445,20000106,signal_MR_1d,fret_MR_1d,qr_50,hit_ratio,0.4965560425798372
446,20000106,signal_MR_1d,fret_RR_1d,qr_25,hit_ratio,0.4699248120300752
447,20000106,signal_MR_1d,fret_MR_1d,qr_25,hit_ratio,0.506265664160401
448,20000106,signal_RR_3d,fret_RR_1d,qr_100,hit_ratio,0.4175094816687737
449,20000106,signal_RR_3d,fret_MR_1d,qr_100,hit_ratio,0.4892541087231353
450,20000106,signal_RR_3d,fret_RR_1d,qr_75,hit_ratio,0.4226717235566793
451,20000106,signal_RR_3d,fret_MR_1d,qr_75,hit_ratio,0.5086388537715971
452,20000106,signal_RR_3d,fret_RR_1d,qr_50,hit_ratio,0.40960809102402024
453,20000106,signal_RR_3d,fret_MR_1d,qr_50,hit_ratio,0.5037926675094817
454,20000106,signal_RR_3d,fret_RR_1d,qr_25,hit_ratio,0.3893805309734513
455,20000106,signal_RR_3d,fret_MR_1d,qr_25,hit_ratio,0.4879898862199747
456,20000106,signal_MR_3d,fret_RR_1d,qr_100,hit_ratio,0.42983565107458915
457,20000106,signal_MR_3d,fret_MR_1d,qr_100,hit_ratio,0.5126422250316056
458,20000106,signal_MR_3d,fret_RR_1d,qr_75,hit_ratio,0.4226717235566793
459,20000106,signal_MR_3d,fret_MR_1d,qr_75,hit_ratio,0.5090602612726507
460,20000106,signal_MR_3d,fret_RR_1d,qr_50,hit_ratio,0.4083438685208597
461,20000106,signal_MR_3d,fret_MR_1d,qr_50,hit_ratio,0.5031605562579013
462,20000106,signal_MR_3d,fret_RR_1d,qr_25,hit_ratio,0.38811630847029077
463,20000106,signal_MR_3d,fret_MR_1d,qr_25,hit_ratio,0.4879898862199747
464,20000106,signal_RR_1d,fret_RR_1d,qr_100,long_ratio,0.5059523809523809
465,20000106,signal_RR_1d,fret_MR_1d,qr_100,long_ratio,0.5059523809523809
466,20000106,signal_RR_1d,fret_RR_1d,qr_75,long_ratio,0.5693400167084378
467,20000106,signal_RR_1d,fret_MR_1d,qr_75,long_ratio,0.5693400167084378
468,20000106,signal_RR_1d,fret_RR_1d,qr_50,long_ratio,0.5952380952380952
469,20000106,signal_RR_1d,fret_MR_1d,qr_50,long_ratio,0.5952380952380952
470,20000106,signal_RR_1d,fret_RR_1d,qr_25,long_ratio,0.631578947368421
471,20000106,signal_RR_1d,fret_MR_1d,qr_25,long_ratio,0.631578947368421
472,20000106,signal_MR_1d,fret_RR_1d,qr_100,long_ratio,0.5025062656641605
473,20000106,signal_MR_1d,fret_MR_1d,qr_100,long_ratio,0.5025062656641605
474,20000106,signal_MR_1d,fret_RR_1d,qr_75,long_ratio,0.5478079331941544
475,20000106,signal_MR_1d,fret_MR_1d,qr_75,long_ratio,0.5478079331941544
476,20000106,signal_MR_1d,fret_RR_1d,qr_50,long_ratio,0.5710707576706324
477,20000106,signal_MR_1d,fret_MR_1d,qr_50,long_ratio,0.5710707576706324
478,20000106,signal_MR_1d,fret_RR_1d,qr_25,long_ratio,0.6115288220551378
479,20000106,signal_MR_1d,fret_MR_1d,qr_25,long_ratio,0.6115288220551378
480,20000106,signal_RR_3d,fret_RR_1d,qr_100,long_ratio,0.2939317319848293
481,20000106,signal_RR_3d,fret_MR_1d,qr_100,long_ratio,0.2939317319848293
482,20000106,signal_RR_3d,fret_RR_1d,qr_75,long_ratio,0.2722292456805731
483,20000106,signal_RR_3d,fret_MR_1d,qr_75,long_ratio,0.2722292456805731
484,20000106,signal_RR_3d,fret_RR_1d,qr_50,long_ratio,0.22692793931731986
485,20000106,signal_RR_3d,fret_MR_1d,qr_50,long_ratio,0.22692793931731986
486,20000106,signal_RR_3d,fret_RR_1d,qr_25,long_ratio,0.2427307206068268
487,20000106,signal_RR_3d,fret_MR_1d,qr_25,long_ratio,0.2427307206068268
488,20000106,signal_MR_3d,fret_RR_1d,qr_100,long_ratio,0.29235145385587863
489,20000106,signal_MR_3d,fret_MR_1d,qr_100,long_ratio,0.29235145385587863
490,20000106,signal_MR_3d,fret_RR_1d,qr_75,long_ratio,0.26253687315634217
491,20000106,signal_MR_3d,fret_MR_1d,qr_75,long_ratio,0.26253687315634217
492,20000106,signal_MR_3d,fret_RR_1d,qr_50,long_ratio,0.22313527180783818
493,20000106,signal_MR_3d,fret_MR_1d,qr_50,long_ratio,0.22313527180783818
494,20000106,signal_MR_3d,fret_RR_1d,qr_25,long_ratio,0.23514538558786346
495,20000106,signal_MR_3d,fret_MR_1d,qr_25,long_ratio,0.23514538558786346
496,20000106,signal_RR_1d,fret_RR_1d,qr_100,spearman,0.003551209166225811
497,20000106,signal_RR_1d,fret_MR_1d,qr_100,spearman,0.003551209166225811
498,20000106,signal_RR_1d,fret_RR_1d,qr_75,spearman,0.010068898241233918
499,20000106,signal_RR_1d,fret_MR_1d,qr_75,spearman,0.010068898241233918
500,20000106,signal_RR_1d,fret_RR_1d,qr_50,spearman,0.027866399917234913
501,20000106,signal_RR_1d,fret_MR_1d,qr_50,spearman,0.027866399917234913
502,20000106,signal_RR_1d,fret_RR_1d,qr_25,spearman,0.059194365602313184
503,20000106,signal_RR_1d,fret_MR_1d,qr_25,spearman,0.059194365602313184
504,20000106,signal_MR_1d,fret_RR_1d,qr_100,spearman,0.003551209166225811
505,20000106,signal_MR_1d,fret_MR_1d,qr_100,spearman,0.003551209166225811
506,20000106,signal_MR_1d,fret_RR_1d,qr_75,spearman,0.01057179728370145
507,20000106,signal_MR_1d,fret_MR_1d,qr_75,spearman,0.01057179728370145
508,20000106,signal_MR_1d,fret_RR_1d,qr_50,spearman,0.02571211696820594
509,20000106,signal_MR_1d,fret_MR_1d,qr_50,spearman,0.02571211696820594
510,20000106,signal_MR_1d,fret_RR_1d,qr_25,spearman,0.053644000170560126
511,20000106,signal_MR_1d,fret_MR_1d,qr_25,spearman,0.053644000170560126
512,20000106,signal_RR_3d,fret_RR_1d,qr_100,spearman,0.01614365006368066
513,20000106,signal_RR_3d,fret_MR_1d,qr_100,spearman,0.01614365006368066
514,20000106,signal_RR_3d,fret_RR_1d,qr_75,spearman,-0.0006565651877566068
515,20000106,signal_RR_3d,fret_MR_1d,qr_75,spearman,-0.0006565651877566068
516,20000106,signal_RR_3d,fret_RR_1d,qr_50,spearman,-0.011770449327003375
517,20000106,signal_RR_3d,fret_MR_1d,qr_50,spearman,-0.011770449327003375
518,20000106,signal_RR_3d,fret_RR_1d,qr_25,spearman,-0.026656020803265262
519,20000106,signal_RR_3d,fret_MR_1d,qr_25,spearman,-0.026656020803265262
520,20000106,signal_MR_3d,fret_RR_1d,qr_100,spearman,0.01614365006368066
521,20000106,signal_MR_3d,fret_MR_1d,qr_100,spearman,0.01614365006368066
522,20000106,signal_MR_3d,fret_RR_1d,qr_75,spearman,-0.002418884476018126
523,20000106,signal_MR_3d,fret_MR_1d,qr_75,spearman,-0.002418884476018126
524,20000106,signal_MR_3d,fret_RR_1d,qr_50,spearman,-0.013904847765825219
525,20000106,signal_MR_3d,fret_MR_1d,qr_50,spearman,-0.013904847765825219
526,20000106,signal_MR_3d,fret_RR_1d,qr_25,spearman,-0.025479381542982658
527,20000106,signal_MR_3d,fret_MR_1d,qr_25,spearman,-0.025479381542982658
528,20000106,signal_RR_1d,fret_RR_1d,qr_100,n,3192.0
529,20000106,signal_RR_1d,fret_MR_1d,qr_100,n,3192.0
530,20000106,signal_RR_1d,fret_RR_1d,qr_75,n,2394.0
531,20000106,signal_RR_1d,fret_MR_1d,qr_75,n,2394.0
532,20000106,signal_RR_1d,fret_RR_1d,qr_50,n,1596.0
533,20000106,signal_RR_1d,fret_MR_1d,qr_50,n,1596.0
534,20000106,signal_RR_1d,fret_RR_1d,qr_25,n,798.0
535,20000106,signal_RR_1d,fret_MR_1d,qr_25,n,798.0
536,20000106,signal_MR_1d,fret_RR_1d,qr_100,n,3192.0
537,20000106,signal_MR_1d,fret_MR_1d,qr_100,n,3192.0
538,20000106,signal_MR_1d,fret_RR_1d,qr_75,n,2395.0
539,20000106,signal_MR_1d,fret_MR_1d,qr_75,n,2395.0
540,20000106,signal_MR_1d,fret_RR_1d,qr_50,n,1597.0
541,20000106,signal_MR_1d,fret_MR_1d,qr_50,n,1597.0
542,20000106,signal_MR_1d,fret_RR_1d,qr_25,n,798.0
543,20000106,signal_MR_1d,fret_MR_1d,qr_25,n,798.0
544,20000106,signal_RR_3d,fret_RR_1d,qr_100,n,3164.0
545,20000106,signal_RR_3d,fret_MR_1d,qr_100,n,3164.0
546,20000106,signal_RR_3d,fret_RR_1d,qr_75,n,2373.0
547,20000106,signal_RR_3d,fret_MR_1d,qr_75,n,2373.0
548,20000106,signal_RR_3d,fret_RR_1d,qr_50,n,1582.0
549,20000106,signal_RR_3d,fret_MR_1d,qr_50,n,1582.0
550,20000106,signal_RR_3d,fret_RR_1d,qr_25,n,791.0
551,20000106,signal_RR_3d,fret_MR_1d,qr_25,n,791.0
552,20000106,signal_MR_3d,fret_RR_1d,qr_100,n,3164.0
553,20000106,signal_MR_3d,fret_MR_1d,qr_100,n,3164.0
554,20000106,signal_MR_3d,fret_RR_1d,qr_75,n,2373.0
555,20000106,signal_MR_3d,fret_MR_1d,qr_75,n,2373.0
556,20000106,signal_MR_3d,fret_RR_1d,qr_50,n,1582.0
557,20000106,signal_MR_3d,fret_MR_1d,qr_50,n,1582.0
558,20000106,signal_MR_3d,fret_RR_1d,qr_25,n,791.0
559,20000106,signal_MR_3d,fret_MR_1d,qr_25,n,791.0
